"Sample ID","Sample Data Type","AC50 (uM)","CC-v2","Max Resp","Structure"
"NCGC00617949-02","activity-counterscreen","20.45077",-2.200,-56.954,"O=C(N)C1NCCN(c2ncnc3sc(c(C)c23)-c2ccccc2)C1"
"NCGC00883672-01","activity-counterscreen","null",4.000,2.068,"S(=O)(=O)(NC(=O)c1cc(CS(=O)(=O)C)ccc1)Cc1ccc(F)cc1"
"NCGC00880419-01","activity-counterscreen","null",4.000,4.553,"Fc1cc(F)cc(NC(=O)N2C(c3[nH]ccc3)CCC2)c1"
"NCGC00880958-01","activity-counterscreen","null",4.000,0.303,"O=C1N(C)N=C(C)C(C)=C1c1scc(-c2sc(C)cc2)n1"
"NCGC00884132-01","activity-counterscreen","null",4.000,-0.153,"O=C(Nc1noc(C)c1)C(CCCC)N1Cc2n(c(C)c(C)n2)CC1"
"NCGC00880383-01","activity-counterscreen","null",4.000,-0.433,"FC(F)Oc1c(OC)cc2C(=O)NC(c3oc(C)cc3)=Nc2c1"
"NCGC00879413-01","activity-counterscreen","null",4.000,-2.000,"O=C1Nc2c(N1)ccc(-c1nc(Nc3cc(C)ccc3)sc1)c2"
"NCGC00880280-01","activity-counterscreen","null",4.000,-1.390,"N(Cc1cn(C(C)(C)C)nc1)c1oc(CCC)nn1"
"NCGC00880297-01","activity-counterscreen","null",4.000,4.579,"O=C(O)c1c(Oc2cc(C)ccc2)cccc1"
"NCGC00879073-01","activity-counterscreen","null",4.000,-1.650,"O=C(O)Cc1c(C(=O)OC)sc2N=C(C)NC(=O)c12"
"NCGC00878909-01","activity-counterscreen","null",4.000,-2.002,"Brc1ccc(CNc2scnn2)cc1"
"NCGC00880348-01","activity-counterscreen","null",4.000,3.830,"S(=O)(=O)(N)c1ccc(Nc2sc(CC(=O)O)c(-c3ccccc3)n2)cc1"
"NCGC00883176-01","activity-counterscreen","null",4.000,-0.989,"S(=O)(=O)(Nc1cc(NC2CCC(C(=O)O)CC2)c(OC)cc1)C"
"NCGC00883826-01","activity-counterscreen","null",4.000,-0.199,"Fc1c(NCc2nc(N(C)C)sc2)cc(OC)c([N+](=O)[O-])c1"
"NCGC00883583-01","activity-counterscreen","null",4.000,1.997,"N(C(c1c(C)[nH]c2c1cccc2)c1ncccc1)c1nccc(C)c1"
"NCGC00879920-01","activity-counterscreen","null",4.000,1.131,"Fc1ccc(-c2n(c(CCC(=O)O)cc2)-c2cc(O)ccc2)cc1"
"NCGC00879622-01","activity-counterscreen","22.946142",-2.200,-51.156,"N(CC)c1ncnc2scc(-c3ccccc3)c12"
"NCGC00879479-01","activity-counterscreen","null",4.000,-0.011,"O=C(N1CCN(C(C)C2=Nc3sc4c(c3C(=O)N2)CCC(C)C4)CC1)c1ccccc1"
"NCGC00882441-01","activity-counterscreen","18.226768",-2.200,-70.586,"Fc1c(C(Nc2ncnc3[nH]ncc23)C)cc(F)cc1"
"NCGC00880554-01","activity-counterscreen","null",4.000,-0.563,"Fc1c(C)ccc(C(=O)Nc2sc3c(n2)CCC3)c1"
"NCGC00884108-01","activity-counterscreen","2.888748",-1.100,-90.450,"OC[C@@]1[C@@](O)[C@@](O)[C@](n2c3ncnc(N4c5c(cccc5)CC4)c3nc2)O1"
"NCGC00281240-03","activity-counterscreen","null",4.000,-0.451,"O=C1Oc2c(N1)ccc(-c1nc(Nc3ccccc3)sc1)c2"
"NCGC00882225-01","activity-counterscreen","null",4.000,-0.191,"Clc1oc(C(=O)N2CC(c3cc(OC)ccc3)OCC2)cc1"
"NCGC00019438-03","activity-counterscreen","null",4.000,2.269,"O=C(CCC)N1Cc2c3c([nH]c2CC1)cccc3"
"NCGC00883428-01","activity-counterscreen","null",4.000,3.542,"S(=O)(=O)(NC(C)C)c1cc(C(=O)NCc2n3c(nn2)C=CC=C3)ccc1"
"NCGC00880124-01","activity-counterscreen","null",4.000,-1.104,"Fc1cc(NC(=O)c2n[nH]cc2)c(NC(C)C)cc1"
"NCGC00883572-01","activity-counterscreen","null",4.000,0.046,"S(=O)(=O)(NC)C1CCN(C(=O)c2[nH]c3c(c2)cc(F)cc3)CC1"
"NCGC00879890-01","activity-counterscreen","null",4.000,-7.379,"O=C(NCc1c(C)cccc1)c1cc2NC(=O)C3N(c2cc1)CCC3"
"NCGC00880156-01","activity-counterscreen","null",4.000,-0.197,"S(=O)(=O)(Nc1c(C)cc(O)nc1)c1sc(C(=O)O)c(C)c1"
"NCGC00880431-01","activity-counterscreen","null",4.000,0.672,"Brc1cc(NCc2c(OC)nccc2)cnc1"
"NCGC00879170-01","activity-counterscreen","null",4.000,0.265,"N#CCCn1ncc2c(Nc3cnc(N(CC)CC)cc3)ncnc12"
"NCGC00604006-02","activity-counterscreen","null",4.000,-1.332,"Clc1c(Cl)ccc(-n2nnc(CN3CC(NC)CC3)c2)c1"
"NCGC00883248-01","activity-counterscreen","null",4.000,-0.293,"O=C(O)c1cc(OCCN2C(C3OCCC3)COCC2)ccc1"
"NCGC00879583-01","activity-counterscreen","null",4.000,0.303,"O=C(OCC)C1CCN(CC2=Nc3sc4c(c3C(=O)N2)CCCC4)CC1"
"NCGC00624872-02","activity-counterscreen","12.903564",-2.100,-83.350,"OC1CN(c2ncnc3scc(-c4ccccc4)c23)CCC1"
"NCGC00881401-01","activity-counterscreen","20.45077",-2.200,-47.183,"O=C(NCC)C(Nc1ncnc2sc(c(C)c12)-c1ccccc1)C"
"NCGC00640653-02","activity-counterscreen","null",4.000,1.317,"S(c1n(c(C)nn1)-c1cc(NC(=O)C)ccc1)c1c(C#N)cc([N+](=O)[O-])cc1"
"NCGC00883502-01","activity-counterscreen","null",4.000,-1.332,"O=C(OCC)c1c(NCCOC)nc2c(n1)cccc2"
"NCGC00604708-02","activity-counterscreen","null",4.000,2.491,"Fc1c(NC(=O)C)cc(NCC(=O)N2C(C)CCc3c2cccc3)cc1"
"NCGC00881191-01","activity-counterscreen","null",4.000,-0.828,"FC(F)(C(F)F)COc1ncc(NC2COCC2)cc1"
"NCGC00881548-01","activity-counterscreen","null",4.000,0.237,"Fc1c(-c2oc(C(=O)N3c4c(O)cccc4CCC3)cc2)cccc1"
"NCGC00616893-02","activity-counterscreen","null",4.000,-0.932,"Fc1cc(C(=O)Nc2scc(-c3oc(CNC(=O)C)cc3)n2)ccc1"
"NCGC00607527-02","activity-counterscreen","null",4.000,-1.882,"Fc1cc2c([nH]c3c2CN(C(=O)c2c(OC)cccc2)CC3)cc1"
"NCGC00880631-01","activity-counterscreen","null",4.000,-1.291,"Clc1c(OC)ccc(S(=O)(=O)NC(Cc2occc2)C)c1"
"NCGC00883106-01","activity-counterscreen","null",4.000,-1.289,"Fc1c(Oc2cc(CO)c([N+](=O)[O-])cc2)ncnc1CC"
"NCGC00884200-01","activity-counterscreen","null",4.000,-1.637,"O=C(Nc1c(C)cnc(C)c1)C1C(C)OCCC1"
"NCGC00882944-01","activity-counterscreen","null",4.000,-0.797,"Fc1cc(C(=O)Nc2n(CCO)nc(C)c2)ccc1"
"NCGC00644852-02","activity-counterscreen","null",4.000,4.884,"S(=O)(=O)(Cc1onc(-c2c(OC)cccc2)n1)CC1OCCC1"
"NCGC00880711-01","activity-counterscreen","null",4.000,0.390,"Clc1c(S(=O)(=O)CCN(CC2=Nc3c(C(=O)N2)cccc3)C)cc(Cl)cc1"
"NCGC00880067-01","activity-counterscreen","null",4.000,-0.598,"O=C(CCc1cc(C)ccc1)N1C(C)c2n(ccc2)CC1"
"NCGC00880229-01","activity-counterscreen","null",4.000,-1.981,"Clc1cc(NC2CC(C)(C)OC2)cnc1"
"NCGC00883002-01","activity-counterscreen","18.226768",-2.200,-36.034,"O=C1NC(c2c[nH]nc2)=Nc2sc(C)c(CC)c12"
"NCGC00879001-01","activity-counterscreen","null",4.000,2.119,"S(=O)(=O)(N1Cc2c3c([nH]c2CC1)cccc3)c1c(OC)ccc(OC)c1"
"NCGC00884592-01","activity-counterscreen","null",4.000,-0.565,"S(=O)(=O)(Nc1cc(C(=O)N(Cc2oc(C)c(C(=O)O)c2)C)ccc1)C"
"NCGC00632673-02","activity-counterscreen","null",4.000,-1.121,"Clc1c(-c2oc(CN3C(=O)C=C(C)C=C3)nc2)cccc1"
"NCGC00879536-01","activity-counterscreen","null",4.000,-4.168,"O=C(Nc1c(C)cc(C)cc1)c1cc2NC(=O)C3N(c2cc1)CCC3"
"NCGC00883799-01","activity-counterscreen","null",4.000,1.795,"S(=O)(=O)(NC(=O)CCc1oc(-c2ccc(OC)cc2)cc1)C"
"NCGC00879875-01","activity-counterscreen","null",4.000,1.441,"O=C1NC(CN(C(C)c2ccccc2)C)=Nc2scc(-c3occc3)c12"
"NCGC00881398-01","activity-counterscreen","null",4.000,2.269,"O(C)c1c(CNc2oc(C3OCCC3)nn2)cccc1"
"NCGC00880189-01","activity-counterscreen","null",4.000,-9.880,"O=C(Nc1cc(OC)ccc1)c1cc2NC(=O)CN(C)c2cc1"
"NCGC00883386-01","activity-counterscreen","null",4.000,-2.035,"S(c1n(CC)c(CN)nn1)c1c([N+](=O)[O-])cc(C)cn1"
"NCGC00881812-01","activity-counterscreen","null",4.000,1.587,"O=C(NC)c1ccc(CNc2ncnc3n(CCC#N)ncc23)cc1"
"NCGC00880246-01","activity-counterscreen","null",4.000,-0.428,"O=C(NC(CC)C1OCCC1)NC=1C(=O)N(C)C=CC=1C"
"NCGC00880345-01","activity-counterscreen","null",4.000,-1.821,"O=C(Nc1cc(C(=O)N(CC2=Nc3c(C(=O)N2)scc3)C)ccc1)C"
"NCGC00882876-01","activity-counterscreen","null",4.000,0.772,"O=C(O)c1cc(OCCN2CC(C)(C)OC(C)C2)ccc1"
"NCGC00884151-01","activity-counterscreen","null",4.000,2.119,"O[C@@]1C[C@@](c2nc(-c3ccccc3)[nH]n2)NC1"
"NCGC00884547-01","activity-counterscreen","null",4.000,1.398,"O=C(Nc1cc(C(=O)N2Cc3oc(-c4ccccc4)cc3CC2)ccc1)NC1CC1"
"NCGC00879717-01","activity-counterscreen","null",4.000,1.747,"O=C(Nc1c(C)cc(OC)c(OC)c1)c1cc2NC(=O)C(C)Sc2cc1"
"NCGC00880863-01","activity-counterscreen","null",4.000,3.191,"O=C(O)CN(C(=O)Cc1c2c(C)cccc2[nH]c1)Cc1c(C)cccc1"
"NCGC00879971-01","activity-counterscreen","null",4.000,-0.667,"O(C)c1ccc(Nc2sc(C)cn2)cc1"
"NCGC00883538-01","activity-counterscreen","null",4.000,-0.372,"O=C(CC)C1(C(=O)N2CCN(c3ccc(O)cc3)CC2)CC1"
"NCGC00879163-01","activity-counterscreen","null",4.000,1.877,"Fc1c(C)cc(NCc2ccncc2)cc1"
"NCGC00881305-01","activity-counterscreen","null",4.000,0.739,"O=C(N(CC=C)c1scc(-c2ccccc2)n1)c1n(C)nc(C(C)C)c1"
"NCGC00879134-01","activity-counterscreen","null",4.000,0.573,"O=C(N1C(C)c2n(ccc2)CC1)c1cc(COC)ccc1"
"NCGC00880393-01","activity-counterscreen","null",4.000,0.817,"Brc1cc(NCc2cn(C)nc2)cnc1"
"NCGC00630798-02","activity-counterscreen","null",4.000,-1.151,"Fc1cc2N(C(=O)c3nn(c(C)c3)-c3ccccc3)CCN(C)c2cc1"
"NCGC00639668-02","activity-counterscreen","null",4.000,-0.242,"O=C(NC1CCCCC1)Cc1c2c(c(C)c(C)cc2)oc1"
"NCGC00878963-01","activity-counterscreen","null",4.000,-0.698,"O=C(NCc1occc1)COC(=O)c1c(C)nc2c(c1)ccc(OC)c2"
"NCGC00281206-03","activity-counterscreen","null",4.000,-15.136,"O=C1N(CC)C(N)=C(c2nc(Nc3c(C)ccc(C)c3)sc2)C(=O)N1"
"NCGC00882342-01","activity-counterscreen","null",4.000,2.519,"FC(F)(F)c1cc2c(N(Cc3nc(-c4ncccn4)sc3)CCC2)cc1"
"NCGC00879641-01","activity-counterscreen","null",4.000,1.411,"N(c1scc(-c2c3c([nH]c2)cccc3)n1)c1ccccc1"
"NCGC00884383-01","activity-counterscreen","null",4.000,1.347,"O=[N+]([O-])c1c(C)nc(NC(C(N(C)C)c2ccccc2)C)cc1"
"NCGC00880344-01","activity-counterscreen","20.45077",-2.200,-52.011,"OCC(Nc1ncnc2sc3c(c12)CCC(C)C3)CC"
"NCGC00879827-01","activity-counterscreen","null",4.000,3.560,"S(=O)(=O)(Nc1cnc(N(C)C)nc1)c1c(C)cc(C)c(C(=O)O)c1"
"NCGC00883134-01","activity-counterscreen","null",4.000,-0.809,"Fc1c(NC(=O)c2occc2)ccc(O)c1"
"NCGC00880040-01","activity-counterscreen","null",4.000,-1.492,"O=C(O)CC(=Cc1nc(N(C(=O)C)c2c(C)c(C)ccc2)sc1)c1sc2c(n1)cccc2"
"NCGC00883455-01","activity-counterscreen","null",4.000,-1.616,"O=C(OCC)c1nc(N2CCC(OC)CC2)sc1"
"NCGC00880533-01","activity-counterscreen","null",4.000,-0.592,"Clc1ccc(OC(C(=O)N(CC2=Nc3c(C(=O)N2)scc3)C)C)cc1"
"NCGC00879517-01","activity-counterscreen","null",4.000,2.733,"Fc1ccc(-c2nc3sc(C(=O)N)c(N)c3c(-c3cc(OC)c(OC)cc3)c2)cc1"
"NCGC00879097-01","activity-counterscreen","null",4.000,-2.943,"O(C)c1c(OC)cc2N=C(CN(CC3CC3)C)NC(=O)c2c1"
"NCGC00639344-02","activity-counterscreen","null",4.000,-0.854,"Fc1ccc(-c2oc(CNC(=O)c3ccc(OC)cc3)cc2)cc1"
"NCGC00638935-02","activity-counterscreen","null",4.000,1.016,"Clc1c(C(=O)NCc2oc(-c3nc(C)sc3)cc2)ccc(F)c1"
"NCGC00880565-01","activity-counterscreen","null",4.000,-1.390,"S(=O)(=O)(N)c1cc(NC(=O)C(Nc2c(OC)ccc(NC(=O)C)c2)C)ccc1"
"NCGC00882339-01","activity-counterscreen","18.226768",-2.200,-55.584,"O=C(OCC)c1c(N2CCC(O)CC2)c2c(c(OC)cc(OC)c2)nc1"
"NCGC00884503-01","activity-counterscreen","null",4.000,-0.196,"Fc1cc(C(Nc2nnc(-n3nc(C)cc3)cc2)C)c(OC)cc1"
"NCGC00883473-01","activity-counterscreen","null",4.000,-0.952,"Clc1cc(CS(=O)(=O)Cc2c(C)oc(-c3ccccc3)n2)ccc1"
"NCGC00881590-01","activity-counterscreen","20.45077",-2.200,-52.396,"N#Cc1cc(CNc2cnc3[nH]nc(C)c3c2)ccc1"
"NCGC00884199-01","activity-counterscreen","null",4.000,-0.825,"O=C(N1C(C)(C)CC(c2ccccc2)C1)c1nn(C)c(O)c1"
"NCGC00879623-01","activity-counterscreen","null",4.000,0.530,"Clc1cc(-c2occ(CS(=O)(=O)c3n(C)cnn3)n2)ccc1"
"NCGC00880699-01","activity-counterscreen","null",4.000,0.772,"Clc1ccc(-c2n(C)c(SCC(=O)NC(C(=O)O)Cc3c4c([nH]c3)cccc4)nn2)cc1"
"NCGC00882482-01","activity-counterscreen","null",4.000,3.453,"Fc1cc2[nH]cc(CC(=O)N3CCC(n4cccc4)CC3)c2cc1"
"NCGC00879675-01","activity-counterscreen","null",4.000,0.199,"S(=O)(=O)(NC)c1c(OC)ccc(C(=O)N2Cc3c4c([nH]c3CC2)cccc4)c1"
"NCGC00881550-01","activity-counterscreen","null",4.000,1.225,"O(Cc1ccc(CNc2oc(C3OCCC3)nn2)cc1)C"
"NCGC00314997-06","activity-counterscreen","null",4.000,0.171,"O=C(NCc1oc(-c2nc(Nc3cc(C)cc(C)c3)sc2)cc1)C"
"NCGC00884640-01","activity-counterscreen","null",4.000,1.770,"Fc1c(N2C(=O)CC(C(CC)C)=N2)ncc(F)c1"
"NCGC00883296-01","activity-counterscreen","null",4.000,-1.976,"FC(F)(CNC1=NC(C)C(C)N1)CC"
"NCGC00882348-01","activity-counterscreen","null",4.000,3.474,"Fc1ccc(C(NC(=O)C2C(c3occc3)C2)CC(=O)O)cc1"
"NCGC00883758-01","activity-counterscreen","null",4.000,-0.931,"S(=O)(=O)(N)c1cc(C(=O)NC2=CN(CCC)C(=O)C=C2)c(OC)cc1"
"NCGC00883065-01","activity-counterscreen","null",4.000,-1.958,"S(Cc1cc(OCC(F)(F)F)ccc1)c1nc(N)c2c(scc2)n1"
"NCGC00880904-01","activity-counterscreen","null",4.000,2.389,"N#Cc1c(N2CC(C)N(c3scc(C)n3)CC2)nccc1"
"NCGC00883138-01","activity-counterscreen","null",4.000,0.476,"O=C(N1Cc2n(nc(C3CC3)c2)CC1)c1c(-c2occc2)nn(C)c1"
"NCGC00881295-01","activity-counterscreen","null",4.000,0.611,"Clc1c(Cl)ccc(-n2nc(C(=O)NC=3C=C(C)C(=O)NC=3)cc2)c1"
"NCGC00882420-01","activity-counterscreen","null",4.000,1.312,"Cc1c2c(-c3nc(-c4nccnc4)sc3)c[nH]c2ccc1"
"NCGC00646051-02","activity-counterscreen","null",4.000,2.806,"S(=O)(=O)(NC(C(=O)O)CC)c1c2ncc(C)cc2ccc1"
"NCGC00882926-01","activity-counterscreen","null",4.000,1.793,"S(=O)(=O)(N)c1cc(C(=O)Nc2cnccc2)c(OC)cc1"
"NCGC00883818-01","activity-counterscreen","null",4.000,-0.116,"S(=O)(=O)(Nc1scc(CC(=O)Nc2c(C(=O)NC)cccc2)n1)C"
"NCGC00639558-02","activity-counterscreen","18.226768",-2.200,-43.320,"O=C(NC1CCN(CC)CC1)c1nc(-c2cc(OC)c(OC)cc2)sc1"
"NCGC00882886-01","activity-counterscreen","null",4.000,-16.300,"O(C)c1nc(N2CCC(N(CC(O)C)C)CC2)nc(N2CCCCCC2)n1"
"NCGC00884483-01","activity-counterscreen","null",4.000,0.122,"Clc1cc2NC(=O)C(CC(=O)Nc3c(O)cccn3)Sc2cc1"
"NCGC00880208-01","activity-counterscreen","null",4.000,-1.422,"Fc1c(F)cccc1Cc1onc(CN2C(=O)C=CC=C2)n1"
"NCGC00880873-01","activity-counterscreen","null",4.000,2.796,"N(CC1OCCN(Cc2nc(CCC)sc2)C1)c1nnccc1"
"NCGC00879390-01","activity-counterscreen","null",4.000,-0.336,"Fc1c(F)cc(CNc2oc(C(C)C)nn2)c(F)c1"
"NCGC00880542-01","activity-counterscreen","null",4.000,-1.574,"O=C(Nc1ccc(C(=O)N)cc1)COc1ccc(NC(=O)c2c(OC)cccc2)cc1"
"NCGC00882643-01","activity-counterscreen","null",4.000,1.434,"N#Cc1cnc(N2CCN(c3scc(C)n3)CCC2)cc1"
"NCGC00884398-01","activity-counterscreen","null",4.000,0.649,"OCc1oc(CN2c3c(cccc3)CCC2)cc1"
"NCGC00882708-01","activity-counterscreen","null",4.000,-1.211,"O=C1N(C)C(=O)C(c2c(C)sc(Nc3cc(C)c(C)cc3)n2)=C(N)N1C"
"NCGC00878951-01","activity-counterscreen","null",4.000,3.710,"S(=O)(=O)(N1CCCC1)c1ccc(-c2nc(Nc3ccccc3)sc2)cc1"
"NCGC00881258-01","activity-counterscreen","null",4.000,1.187,"O=C(NC1=CN(CC)C(=O)C=C1)c1c(OC)cn(-c2ccccc2)n1"
"NCGC00881489-01","activity-counterscreen","null",4.000,0.740,"S(=O)(=O)(C(F)(F)F)CCN1CC(n2nccc2)C1"
"NCGC00881907-01","activity-counterscreen","18.226768",-2.200,-52.242,"Fc1c(OC)cc(C(Nc2ncnc3[nH]ncc23)C)cc1"
"NCGC00884428-01","activity-counterscreen","null",4.000,3.600,"O=C(OC)c1c(C)c2C(=O)NC(c3oc(C)cc3)=Nc2s1"
"NCGC00884212-01","activity-counterscreen","null",4.000,-1.013,"O=C(Nc1onc(C(C)(C)C)c1)CN1Cc2ncncc2CC1"
"NCGC00643124-02","activity-counterscreen","null",4.000,-1.662,"O=C(Nc1sc(Cc2c(C)cccc2)cn1)c1c(C)occ1"
"NCGC00634899-02","activity-counterscreen","16.244624",-2.200,-71.852,"O=C(Nc1sc2c(n1)cccc2)c1c(C)cco1"
"NCGC00333291-04","activity-counterscreen","null",4.000,-3.855,"Brc1c(OCc2noc(-c3occc3)c2)ccc(F)c1"
"NCGC00632125-02","activity-counterscreen","null",4.000,1.471,"ClC=1C(=O)N(Cc2nc(Nc3ccc(C)cc3)sc2)C=C(C(F)(F)F)C=1"
"NCGC00883976-01","activity-counterscreen","null",4.000,-0.286,"S(C(F)F)c1c(C(=O)Nc2cc(C(=O)NC3CC3)ccc2)cccc1"
"NCGC00880656-01","activity-counterscreen","7.256207",-1.200,-28.064,"O=C(OCC)Nc1cc2OC(=O)C=C(CN(C(C#C)(C)C)C)c2cc1"
"NCGC00882377-01","activity-counterscreen","null",4.000,2.265,"Clc1cc(S(=O)(=O)N)cc(CN2CC3(OCC2)COCC3)c1"
"NCGC00609341-02","activity-counterscreen","null",4.000,3.690,"O=C(Nc1ccc(C#N)cc1)CC=1n2c(SC=1)nc(-c1ccccc1)c2"
"NCGC00637353-02","activity-counterscreen","null",4.000,-0.856,"O=C(NCc1oc(-c2sc3c(n2)cccc3)cc1)c1c(C)c(C)ccc1"
"NCGC00878982-01","activity-counterscreen","null",4.000,-0.227,"O=C(N)Cc1scc(-c2ccc(OC)cc2)n1"
"NCGC00879574-01","activity-counterscreen","null",4.000,-0.660,"S(=O)(=O)(N)c1cc2nc(CCC(=O)O)n(CC)c2cc1"
"NCGC00884331-01","activity-counterscreen","null",4.000,5.306,"S(=O)(=O)(NCC1(c2ncccc2)CC1)CCCC"
"NCGC00306378-04","activity-counterscreen","null",4.000,0.533,"FC(F)(F)c1cc(Nc2scc(-c3oc(CNC(=O)C)cc3)n2)ccc1"
"NCGC00884660-01","activity-counterscreen","null",4.000,-0.997,"S(CC(=O)C(C#N)C1=Nc2sc3c(c2C(=O)N1)CCCC3)c1c(C)n(-c2ccccc2)nc1C"
"NCGC00883581-01","activity-counterscreen","null",4.000,-0.724,"O(C)c1ccc(C(N2CCCCC2)c2c(C)[nH]c3c2cccc3)cc1"
"NCGC00605178-02","activity-counterscreen","22.946142",-2.200,-36.833,"Clc1c(C)cc(OCC(=O)N2CCC(N3C(=O)Nc4c3cccc4)CC2)cc1"
"NCGC00881364-01","activity-counterscreen","null",4.000,2.025,"FC(F)Oc1c(OC)ccc(C(=O)Nc2sc(-c3ccccc3)cn2)c1"
"NCGC00882481-01","activity-counterscreen","null",4.000,0.830,"S(=O)(=O)(Nc1cc(C(=O)O)ccc1)c1cn(-c2ccccc2)nc1"
"NCGC00883989-01","activity-counterscreen","null",4.000,0.314,"S(C(C(=O)NC(=O)N)C)C=1n2c3c(nc2C(C#N)=C(C)C=1)cccc3"
"NCGC00884588-01","activity-counterscreen","null",4.000,-0.080,"O=C(CCN1C(=O)NC(=O)C(C(=O)N)=C1)N1CC(C)NCC(C)C1"
"NCGC00883113-01","activity-counterscreen","null",4.000,-0.023,"O=C1N(C)C(=O)C(N2CCN(c3ccc(O)cc3)CC2)=NN1C"
"NCGC00880029-01","activity-counterscreen","null",4.000,2.744,"S(=O)(=O)(N(CC)CC)c1cc(NC(=O)c2n[nH]c(-c3ccc(F)cc3)c2)c(O)cc1"
"NCGC00879305-01","activity-counterscreen","22.946142",-3.000,-43.185,"OC(CNc1ncnc2sc3c(c12)CCCCC3)C"
"NCGC00879307-01","activity-counterscreen","null",4.000,-2.494,"Fc1ccc(Nc2sc(CC(=O)O)c(-c3sccc3)n2)cc1"
"NCGC00604422-02","activity-counterscreen","null",4.000,0.837,"Clc1c(-c2oc(C(=O)Nc3c(O)cccn3)cc2)cc(Cl)cc1"
"NCGC00607671-02","activity-counterscreen","null",4.000,3.932,"O(C)c1ccc(-c2nc(CCN3C(=O)CCC3)sc2)cc1"
"NCGC00879916-01","activity-counterscreen","18.226768",-2.200,-67.497,"CC1CN(c2ncnc3[nH]cnc23)CC(C)C1"
"NCGC00884004-01","activity-counterscreen","null",4.000,0.384,"S(=O)(=O)(NC(C(=O)Nc1nn(C)cc1)C)c1ccc(NC(=O)C)cc1"
"NCGC00880211-01","activity-counterscreen","null",4.000,6.130,"Fc1c(F)cc2ncn(CC(O)COCc3occc3)c2c1"
"NCGC00880104-01","activity-counterscreen","null",4.000,3.659,"Clc1c(CNc2c3c([nH]nc3)ccc2)ccc(Cl)c1"
"NCGC00884564-01","activity-counterscreen","null",4.000,-3.633,"O=C1N(CC2OCCOC2)c2c([nH]cc2)C=C1"
"NCGC00884436-01","activity-counterscreen","null",4.000,3.772,"N(c1scc(C)n1)c1ccccc1"
