"Sample ID","Sample Data Type","AC50 (uM)","CC-v2","Max Resp","Structure"
"NCGC00455775-01","Activity- counterscreen","null",4.000,-2.486,"O=C(N1CCC2(CCN(CC3CC3)C(=O)CC2)CC1)c1cc2OCOc2cc1"
"NCGC00424994-01","Activity- counterscreen","20.45077",-2.200,-57.855,"Clc1cc(-c2cc(O)c3OCCN(C(=O)c4nc(C)sc4)Cc3c2)ccc1"
"NCGC00458710-01","Activity- counterscreen","null",4.000,1.494,"O=C(CCc1c2c([nH]c1)cccc2)N1[C@]2c3c(nc(-c4ccccc4)nc3)C[C@@]1CC2"
"NCGC00473678-01","Activity- counterscreen","0.001823",1.400,-3.033,"Fc1cc(CN(C(=O)c2occc2)c2ccc(CC(=O)NCc3occc3)cc2)ccc1"
"NCGC00505729-01","Activity- counterscreen","null",4.000,2.887,"FC(F)(F)c1ccc(-c2nc3n(C)ncc3c(C(=O)NCc3oc(C)cc3)c2)cc1"
"NCGC00398062-01","Activity- counterscreen","null",4.000,-4.837,"O=C(Nc1c(OC)cccc1)NC=1C(=O)N2C(=CC=1)[C@]1CN(C(=O)Nc3ccc(OC)cc3)C[C@@](C2)C1"
"NCGC00429554-01","Activity- counterscreen","null",4.000,-0.172,"O=C(NCC1CC1)[C@]1[C@](CO)[C@@](O)c2c([C@]1c1cc(OC)c(OC)c(OC)c1)cc1OCOc1c2"
"NCGC00473469-01","Activity- counterscreen","null",4.000,-0.317,"Clc1c(C2C(C(=O)OC)=C(C)N(Cc3cc([N+](=O)[O-])ccc3)C(=O)C2)cccc1"
"NCGC00475602-01","Activity- counterscreen","null",4.000,0.868,"O=C(NCc1oc(C)cc1)C1NC(=O)c2n(ccc2)C1"
"NCGC00399336-01","Activity- counterscreen","null",4.000,2.663,"Brc1c(NC(=O)N[C@]2[C@@](O)[C@](O)CC(C(=O)N[C@](C(=O)N)Cc3ccc(OC)cc3)=C2)cccc1"
"NCGC00437241-01","Activity- counterscreen","null",4.000,-9.999,"N(Cc1nc(-c2sccc2)on1)c1nc(C(C)(C)C)nc2n(C)ncc12"
"NCGC00425561-01","Activity- counterscreen","22.946142",-2.200,-52.409,"Brc1cc(C(=O)Nc2cc3ncnc(N4CCOCC4)c3cc2)ccc1"
"NCGC00464338-01","Activity- counterscreen","null",4.000,-0.421,"O(CCc1nc(C2CNC2)on1)C"
"NCGC00431198-01","Activity- counterscreen","null",4.000,-2.573,"Fc1ccc(-c2c(CCC(=O)NCc3oc(C)cc3)con2)cc1"
"NCGC00399947-01","Activity- counterscreen","null",4.000,-5.005,"O=C(OC)[C@]1N2[C@](c3cc(OC)ccc3)C[C@](NCCOC)C[C@@]2c2[nH]c3c(c2C1)cccc3"
"NCGC00398868-01","Activity- counterscreen","null",4.000,9.604,"S(=O)(=O)(N1C[C@@]2C3=C(NC(=O)c4occc4)C=CC(=O)N3C[C@](C1)C2)c1ccc(OC)cc1"
"NCGC00449742-01","Activity- counterscreen","null",4.000,6.362,"O(C)c1cc(C2OCc3c(-c4onc(-c5cscc5)n4)nnn3C2)ccc1"
"NCGC00445353-01","Activity- counterscreen","null",4.000,-0.698,"Fc1ccc(-c2nc(-c3n(CC(=O)NCCC4=CCCCC4)ccc3)on2)cc1"
"NCGC00494790-01","Activity- counterscreen","null",4.000,-18.560,"Clc1noc(CCC(=O)N2Cc3n(nc(-c4oc(C)cc4)c3)CCC2)c1"
"NCGC00473860-01","Activity- counterscreen","null",4.000,2.248,"Clc1c(NC(=O)N2Cc3c4c([nH]c3CC2)ccc(F)c4)ccc(Cl)c1"
"NCGC00419972-01","Activity- counterscreen","29.649624",-2.200,-41.703,"O=C(Nc1c(C)cccc1)c1cnc2c(N(c3c(OC)cccc3)CCC2)c1"
"NCGC00396518-01","Activity- counterscreen","null",4.000,7.820,"N(Cc1oc(C)cc1)C1(Cc2noc(-c3ncccc3)c2)COC1"
"NCGC00391214-01","Activity- counterscreen","null",4.000,-1.840,"S=C(Nc1ccc(F)cc1)N[C@@]1[C@]2OC[C@](n3c(Oc4cc5OCOc5cc4)nnn3)[C@]2OC1"
"NCGC00391266-01","Activity- counterscreen","null",4.000,-0.071,"O=C(C)N1CCC(N2C[C@]3N(CC4CC4)C(=O)CO[C@]3C2)CC1"
"NCGC00421438-01","Activity- counterscreen","null",4.000,5.124,"O=C(NC[C@@]1N2C[C@](c3nc(C)nc(-c4occc4)c3)[C@](C1)CC2)C(C)(C)C"
"NCGC00393049-01","Activity- counterscreen","null",4.000,8.076,"O=C(N[C@]1[C@](O)[C@](O)C[C@@]1c1c(C)cccc1)c1c(C)cccc1"
"NCGC00396418-01","Activity- counterscreen","null",4.000,-0.426,"O=C(N[C@]1[C@](O)[C@](O)C[C@@]1c1ccc(C)cc1)C1CC1"
"NCGC00392572-01","Activity- counterscreen","null",4.000,-0.036,"O(C)c1c(N2CCN([C@@]3[C@@](O)[C@](NCc4occc4)[C@@]4O[C@]3OC4)CC2)cccc1"
"NCGC00416760-01","Activity- counterscreen","null",4.000,-2.923,"O(c1c(-c2nccc3C(=O)C=C(c4ccncc4)Oc23)cccc1)c1ccccc1"
"NCGC00416093-01","Activity- counterscreen","null",4.000,1.894,"O=C(Nc1cc(OC)c(OC)cc1)c1cc2NC(COc3ccccc3)(C)COc2cc1"
"NCGC00417730-01","Activity- counterscreen","null",4.000,-0.624,"O=C(NCc1occc1)c1c(C)onc1-c1c(NCc2cnccc2)n(C)nc1"
"NCGC00397151-01","Activity- counterscreen","null",4.000,1.618,"O=C1N(Cc2oc(C)cc2)C(=O)[C@]2N(C31CN(C1CCOCC1)C3)C[C@](O)C2"
"NCGC00397180-01","Activity- counterscreen","null",4.000,4.353,"O=C1N(Cc2oc(C)cc2)C(=O)[C@]2N(C31CN(C1Cc4c(cccc4)C1)C3)C[C@](O)C2"
"NCGC00414447-01","Activity- counterscreen","null",4.000,6.606,"Clc1ccc(C(=O)N2CCC3(C(=O)N(CC4CCOCC4)CCO3)CC2)cc1"
"NCGC00401301-01","Activity- counterscreen","null",4.000,-5.213,"S(Cc1occc1)c1n([C@@]2[C@]3OC[C@@](OC(=O)Nc4ccccc4)[C@]3OC2)nnn1"
"NCGC00397145-01","Activity- counterscreen","null",4.000,-2.799,"O=C1N(Cc2oc(C)cc2)C(=O)[C@]2N(C31CN(Cc1ccncc1)C3)C[C@](O)C2"
"NCGC00419957-01","Activity- counterscreen","null",4.000,3.553,"Clc1cc(NC(=O)c2cnc3c(N(Cc4ccccc4)CCC3)c2)ccc1"
"NCGC00399945-01","Activity- counterscreen","null",4.000,3.373,"O=C(OC)[C@]1N2[C@](c3cc(OC)ccc3)C[C@](NCCO)C[C@@]2c2[nH]c3c(c2C1)cccc3"
"NCGC00397139-01","Activity- counterscreen","null",4.000,-0.136,"O=C1N(Cc2oc(C)cc2)C(=O)[C@]2N(C31CN(Cc1cnccc1)C3)C[C@](O)C2"
"NCGC00396123-01","Activity- counterscreen","null",4.000,1.656,"O=C(NCC1(COc2nccnc2)C[C@@](O)[C@@](O)C1)c1[nH]c2c(n1)cccc2"
"NCGC00447882-01","Activity- counterscreen","null",4.000,5.134,"O=C(O)Cn1c(C2C3(OC(=O)C2)CCCC3)nc(-c2oc(C)cc2)n1"
"NCGC00412678-01","Activity- counterscreen","null",4.000,5.460,"O(C)c1c(-c2c3c(c(Nc4cc5OCCOc5cc4)nc2)OCC3)cccc1"
"NCGC00375640-01","Activity- counterscreen","null",4.000,3.740,"Clc1sc2ncnc(N3CC4N(CC(F)(F)F)C(C3)CC4)c2n1"
"NCGC00412953-01","Activity- counterscreen","null",4.000,-14.178,"O=C(Nc1cnc(OC)cc1)C1(C)c2nc(Nc3cc(OC)ccc3)ncc2CC1"
"NCGC00412001-01","Activity- counterscreen","null",4.000,0.630,"FC(F)(F)c1cc(C=2C=C(c3cnc(O)cc3)c3n(cnc3)C=2)ccc1"
"NCGC00400537-01","Activity- counterscreen","null",4.000,-6.317,"Clc1ccc(S(=O)(=O)N2[C@](C(=O)OC)Cc3ncn(C)c3C2)cc1"
"NCGC00391851-01","Activity- counterscreen","null",4.000,5.140,"O(c1n([C@@]2[C@]3OC[C@](NCc4occc4)[C@]3OC2)nnn1)c1ccc(-n2cncc2)cc1"
"NCGC00401725-01","Activity- counterscreen","null",4.000,-2.265,"S(=O)(=O)(N1[C@](C(=O)OC)Cc2ncn(CCC)c2C1)c1ccc(C#N)cc1"
"NCGC00416763-01","Activity- counterscreen","null",4.000,-0.556,"O=C1c2c(c(-c3c(O)cccc3)ncc2)OC(c2ccncc2)=C1"
"NCGC00397131-01","Activity- counterscreen","null",4.000,6.185,"O=C1N(Cc2oc(C)cc2)C(=O)[C@]2N(C31CN(C1CCCC1)C3)C[C@](O)C2"
"NCGC00423155-01","Activity- counterscreen","null",4.000,2.754,"O=C(N[C@]1[C@@](OCc2ncsc2)CCOC1)Cc1cscc1"
"NCGC00397185-01","Activity- counterscreen","null",4.000,6.341,"O=C1N(Cc2oc(C)cc2)C(=O)[C@]2N(C31CN(CC1CC1)C3)C[C@](O)C2"
"NCGC00416759-01","Activity- counterscreen","37.326665",-2.400,-20.151,"O=C1c2c(c(-c3c(C)cccc3)ncc2)OC(c2ccncc2)=C1"
"NCGC00397162-01","Activity- counterscreen","null",4.000,3.704,"O(C)c1ccc(CN2CC3(C(=O)N(Cc4oc(C)cc4)C(=O)[C@]4N3C[C@](O)C4)C2)cc1"
"NCGC00416884-01","Activity- counterscreen","null",4.000,1.027,"O(C)c1c(Oc2ccccc2)cc2NC(=O)C3(c2c1)CCN(c1ncccn1)CC3"
"NCGC00397191-01","Activity- counterscreen","null",4.000,2.214,"FC(F)(F)Oc1cc(CN2CC3(C(=O)N(Cc4oc(C)cc4)C(=O)[C@]4N3C[C@](O)C4)C2)ccc1"
"NCGC00390983-01","Activity- counterscreen","null",4.000,0.355,"Fc1ccc(-c2nc(C)nc([C@@]3[C@@]4C[C@](CNC(=O)c5occc5)N(C3)CC4)c2)cc1"
"NCGC00417725-01","Activity- counterscreen","null",4.000,5.372,"O=C(NCc1occc1)c1c(C)onc1-c1c(NCCc2ccccc2)n(C)nc1"
"NCGC00412014-01","Activity- counterscreen","null",4.000,-0.163,"OCc1ccc(C=2C=C(c3cnc(O)cc3)c3n(cnc3)C=2)cc1"
"NCGC00416691-01","Activity- counterscreen","null",4.000,-3.805,"Fc1c(O)ccc(-c2nccc3C(=O)C=C(c4cnccc4)Oc23)c1"
"NCGC00416762-01","Activity- counterscreen","null",4.000,-2.992,"O=C1c2c(c(-c3ccc(CO)cc3)ncc2)OC(c2ccncc2)=C1"
"NCGC00400274-01","Activity- counterscreen","null",4.000,3.026,"S(=O)(=O)(N1[C@](C(=O)OC)Cc2ncn(C(C)C)c2C1)c1ccc(F)cc1"
"NCGC00397132-01","Activity- counterscreen","null",4.000,4.141,"O=C1N(Cc2oc(C)cc2)C(=O)[C@]2N(C31CN(Cc1ncccc1)C3)C[C@](O)C2"
"NCGC00391941-01","Activity- counterscreen","null",4.000,-1.792,"Fc1ccc(-c2c(C(=O)O)c([C@](NC(=O)c3[nH]c4c(n3)cccc4)C)on2)cc1"
"NCGC00438179-01","Activity- counterscreen","null",4.000,-1.660,"C(N1C2(CCN(c3ncccn3)CC2)CCC1)c1oc(-c2n[nH]cc2)cc1"
"NCGC00425664-01","Activity- counterscreen","null",4.000,4.114,"Fc1c(Cn2c(C)c(CC(=O)NCC3CC3)c3C(=O)CCCc23)cccc1"
"NCGC00378215-01","Activity- counterscreen","null",4.000,5.968,"Clc1nnc(N2C(=O)CN(Cc3cc(-c4c(C)cc(C)cc4)ccc3)CC2)cc1"
"NCGC00414424-01","Activity- counterscreen","null",4.000,3.654,"Clc1ccc(C(=O)N2CCC3(C(=O)N(CCOC)CCO3)CC2)cc1"
"NCGC00412436-01","Activity- counterscreen","0.023552",5.000,3.759,"O=C(NCc1occc1)Cc1c2c([nH]c1)ncc(-c1c(OC)nccc1)c2"
"NCGC00442455-01","Activity- counterscreen","null",4.000,-7.131,"O=C(N1CC(O)(C)C(C)(C)C1)c1c(C)oc2c1C(=O)CCC2"
"NCGC00414463-01","Activity- counterscreen","null",4.000,4.209,"Clc1ccc(C(=O)N2CCC3(C(=O)N(CC4CC4)CCO3)CC2)cc1"
"NCGC00396421-01","Activity- counterscreen","null",4.000,1.811,"FC(F)(F)c1c(C(=O)N[C@]2[C@](O)[C@](O)C[C@@]2c2ccccc2)cc(C)o1"
"NCGC00420044-01","Activity- counterscreen","37.326665",-2.400,-22.877,"O=C(Nc1cnccc1)c1cnc2c(N(c3c(OC)cccc3)CCC2)c1"
"NCGC00416134-01","Activity- counterscreen","66.377239",5.000,120.557,"O=C(Nc1cc(OC)c(OC)cc1)c1cc2NC(CNc3ccccc3)(C)COc2cc1"
"NCGC00449520-01","Activity- counterscreen","null",4.000,4.505,"Fc1ccc(-c2oc(CNC(=O)C3CN(Cc4cnccc4)C(=O)C3)cc2)cc1"
"NCGC00394320-01","Activity- counterscreen","null",4.000,5.999,"O=C1N(CC2CCCCC2)[C@]2[C@@](OC1)CN(c1ncc(C#N)cc1)C2"
"NCGC00416649-01","Activity- counterscreen","null",4.000,0.629,"O=C1c2c(c(-c3cc(CO)ccc3)ncc2)OC(c2ncccc2)=C1"
"NCGC00411671-01","Activity- counterscreen","null",4.000,-2.994,"Fc1cc(-c2nc(C(=O)NCC=3C(=O)NC(C)=CC=3C)c3c(n(C)cc3)c2)ccc1"
"NCGC00412045-01","Activity- counterscreen","null",4.000,0.187,"O(C)c1c(OC)ccc(C=2C=C(c3cnc(O)cc3)c3n(cnc3)C=2)c1"
"NCGC00443491-01","Activity- counterscreen","null",4.000,4.106,"O=C(CCc1oc(-c2sccc2)cc1)N1C[C@](O)[C@@](O)(C)CC1"
"NCGC00419962-01","Activity- counterscreen","null",4.000,2.362,"O=C(Nc1ccccc1)c1cnc2c(N(c3c(OC)cccc3)CCC2)c1"
"NCGC00416765-01","Activity- counterscreen","null",4.000,-4.787,"O=C1c2c(c(-c3cc(O)ccc3)ncc2)OC(c2ccncc2)=C1"
"NCGC00414454-01","Activity- counterscreen","null",4.000,5.733,"O=C(N1CCC2(C(=O)N(CC3CC3)CCO2)CC1)c1cc(O)ccc1"
"NCGC00393088-01","Activity- counterscreen","null",4.000,3.685,"O=C(N[C@]1[C@](O)[C@](O)C[C@@]1c1c(C)cccc1)c1cc(OC)ccc1"
"NCGC00391602-01","Activity- counterscreen","null",4.000,-2.752,"Clc1c(F)cc([C@]2N3[C@](C(=O)OC)Cc4c5c([nH]c4[C@]3C[C@@](NCCOC)C2)cccc5)cc1"
"NCGC00397144-01","Activity- counterscreen","null",4.000,5.401,"Fc1c(CN2CC3(C(=O)N(Cc4oc(C)cc4)C(=O)[C@]4N3C[C@](O)C4)C2)cccc1"
"NCGC00412141-01","Activity- counterscreen","null",4.000,-1.903,"O(C)c1cc(C=2C=C(c3cnc(O)cc3)c3n(cnc3)C=2)ccc1"
"NCGC00391808-01","Activity- counterscreen","null",4.000,6.997,"S(Cc1occc1)c1n([C@@]2[C@]3OC[C@@](OCc4ccccc4)[C@]3OC2)nnn1"
"NCGC00416641-01","Activity- counterscreen","null",4.000,-8.513,"O(C)c1c(-c2nccc3C(=O)C=C(c4ncccc4)Oc23)cccc1"
"NCGC00400538-01","Activity- counterscreen","null",4.000,3.856,"S(=O)(=O)(N1[C@](C(=O)OC)Cc2ncn(C)c2C1)c1ccc(F)cc1"
"NCGC00442763-01","Activity- counterscreen","null",4.000,3.267,"Fc1cc(-n2nc(c(CN(Cc3n[nH]c(C)c3)C)c2)-c2oc(C)cc2)ccc1"
"NCGC00443521-01","Activity- counterscreen","null",4.000,6.135,"Fc1ccc(-c2oc(CNC(=O)C3CN(CC)C(=O)CC3)cc2)cc1"
"NCGC00439590-01","Activity- counterscreen","null",4.000,1.727,"Fc1ccc(-c2c(C)c3c([nH]2)ccc(CNC(=O)c2oc(CO)cc2)c3)cc1"
"NCGC00391516-01","Activity- counterscreen","null",4.000,0.991,"N(CC1CCCCC1)[C@@]1[C@]2OC[C@](Nc3nc(-c4occc4)ccn3)[C@]2OC1"
"NCGC00397155-01","Activity- counterscreen","null",4.000,2.525,"Fc1ccc(CN2CC3(C(=O)N(Cc4oc(C)cc4)C(=O)[C@]4N3C[C@](O)C4)C2)cc1"
"NCGC00401657-01","Activity- counterscreen","null",4.000,3.644,"O=C(NC[C@@]1N2C[C@](c3nc(C)nc(-c4occc4)c3)[C@](C1)CC2)C1CC1"
"NCGC00411655-01","Activity- counterscreen","null",4.000,-0.542,"Fc1c(-c2nc(C(=O)NCC=3C(=O)NC(C)=CC=3C)c3c(n(C)cc3)c2)cccc1"
"NCGC00397184-01","Activity- counterscreen","null",4.000,2.614,"O=C1N(Cc2oc(C)cc2)C(=O)[C@]2N(C31CN(Cc1ccc(C#N)cc1)C3)C[C@](O)C2"
"NCGC00397688-01","Activity- counterscreen","null",4.000,1.290,"S(Cc1occc1)c1n([C@@]2[C@]3OC[C@@](OC(=O)Nc4ccc(C(=O)C)cc4)[C@]3OC2)nnn1"
"NCGC00412367-01","Activity- counterscreen","null",4.000,0.148,"O=C(NCc1occc1)Cc1c2c([nH]c1)ncc(-c1c(C)cccc1)c2"
"NCGC00412012-01","Activity- counterscreen","null",4.000,-2.430,"O(C)c1ccc(C=2C=C(c3cnc(O)cc3)c3n(cnc3)C=2)cc1"
"NCGC00416626-01","Activity- counterscreen","null",4.000,-12.410,"O=C1c2c(c(-c3cc(CO)ccc3)ncc2)OC(c2cnccc2)=C1"
"NCGC00375524-01","Activity- counterscreen","null",4.000,-7.357,"Clc1ccc(C(=O)N2CCC3(OCCN(C(=O)C)C3)CC2)cc1"
"NCGC00397190-01","Activity- counterscreen","null",4.000,3.944,"O=C1N(Cc2oc(C)cc2)C(=O)[C@]2N(C31CN(C1CCC1)C3)C[C@](O)C2"
"NCGC00412149-01","Activity- counterscreen","null",4.000,-2.124,"O(C)c1c(C=2C=C(c3cnc(O)cc3)c3n(cnc3)C=2)cccc1"
"NCGC00416647-01","Activity- counterscreen","null",4.000,1.320,"O=C1c2c(c(-c3ccc(CO)cc3)ncc2)OC(c2ncccc2)=C1"
"NCGC00416922-01","Activity- counterscreen","null",4.000,0.149,"O=C(CN1CCOCC1)N1CCC2(C(=O)Nc3c2cc(OC)c(OCC2CC2)c3)CC1"
"NCGC00416566-01","Activity- counterscreen","null",4.000,1.389,"O(C)c1cc(OC)cc(CNc2nccc3C(=O)C=C(N4CCOCC4)Oc23)c1"
"NCGC00396690-01","Activity- counterscreen","null",4.000,2.389,"O=C(N[C@]1[C@](O)[C@](O)C[C@@]1c1cc(C)ccc1)c1ccccc1"
"NCGC00423254-01","Activity- counterscreen","null",4.000,3.281,"S(Cc1oc(C(=O)N[C@@]2[C@@](C3CCCC3)[C@]3OCC[C@@]23)cc1)C"
"NCGC00395181-01","Activity- counterscreen","null",4.000,1.463,"N(CC1CCCCC1)[C@@]1[C@]2OC[C@](Nc3nc(-c4sccc4)ccn3)[C@]2OC1"
"NCGC00424748-01","Activity- counterscreen","null",4.000,-8.008,"O=C(N[C@@]1[C@@](C2CCCC2)[C@]2OCC[C@@]12)Cc1cc2OCOc2cc1"
"NCGC00412030-01","Activity- counterscreen","0.006638",5.000,104.484,"Oc1ncc(C=2c3n(cnc3)C=C(c3c(C)cccc3)C=2)cc1"
"NCGC00412162-01","Activity- counterscreen","null",4.000,3.066,"O(C)c1ccc(C=2c3n(cnc3)C=C(c3c(O)cccc3)C=2)cc1"
"NCGC00391000-01","Activity- counterscreen","null",4.000,2.757,"S(=O)(=O)(NC[C@@]1N2C[C@](c3nc(C)nc(-c4occc4)c3)[C@](C1)CC2)c1c(OC)ccc(OC)c1"
"NCGC00479855-01","Activity- counterscreen","null",4.000,-4.467,"Brc1c(C(=O)NCC(=O)OC)nc2SC=Cn12"
"NCGC00432326-01","Activity- counterscreen","null",4.000,-2.338,"Clc1cc(-c2cc(O)c3OCCN(C(=O)C4(C)OCCC4)Cc3c2)ccc1"
"NCGC00412047-01","Activity- counterscreen","null",4.000,-4.772,"OCc1cc(C=2C=C(c3cnc(O)cc3)c3n(cnc3)C=2)ccc1"
"NCGC00397127-01","Activity- counterscreen","null",4.000,5.018,"O=C1N(Cc2oc(C)cc2)C(=O)[C@]2N(C31CN(CC1CCCCC1)C3)C[C@](O)C2"
"NCGC00392475-01","Activity- counterscreen","null",4.000,0.864,"O(C)c1nc(N2C[C@]3N(CC4CC4)C(=O)CO[C@]3C2)ncc1"
"NCGC00447590-01","Activity- counterscreen","null",4.000,4.034,"O=C(CCc1c(O)nc2c(n1)cccc2)N1C(C(=O)N)Cc2c(cccc2)C1"
"NCGC00416755-01","Activity- counterscreen","41.881207",-2.400,-27.282,"Fc1c(-c2nccc3C(=O)C=C(c4ccncc4)Oc23)cccc1"
"NCGC00391954-01","Activity- counterscreen","null",4.000,1.120,"OCc1onc(CC2(NCc3oc(C)cc3)COC2)c1"
"NCGC00444625-01","Activity- counterscreen","null",4.000,0.045,"O=C(N(C)C)c1cnc(-c2c(N(C)C)cccc2)cc1"
"NCGC00378165-01","Activity- counterscreen","null",4.000,-20.840,"Clc1ccc(C(=O)N2CC3(OCC2)CCN(C(=O)C)CC3)cc1"
"NCGC00420090-01","Activity- counterscreen","null",4.000,-16.110,"O=C(Nc1cc(OC)ccc1)c1cnc2c(N(Cc3ccccc3)CCC2)c1"
"NCGC00448272-01","Activity- counterscreen","null",4.000,6.382,"O=C(NCc1occc1)N1CCC(C(=O)Nc2cc(-c3occc3)ccc2)CC1"
"NCGC00393695-01","Activity- counterscreen","null",4.000,-8.099,"O=C1N(Cc2ncccc2)c2c(O[C@@]3CN(C4COC4)[C@]1C3)cccc2"
"NCGC00416617-01","Activity- counterscreen","null",4.000,-14.811,"O=C1c2c(c(-c3c(O)cccc3)ncc2)OC(c2cnccc2)=C1"
"NCGC00397178-01","Activity- counterscreen","null",4.000,-0.751,"Clc1ccc(CN2CC3(C(=O)N(Cc4oc(C)cc4)C(=O)[C@]4N3C[C@](O)C4)C2)cc1"
"NCGC00394225-01","Activity- counterscreen","null",4.000,2.302,"O=C1N(CC2CCCCC2)[C@]2[C@@](OC1)CN(C(C)C)C2"
"NCGC00416789-01","Activity- counterscreen","null",4.000,2.920,"O=C(C)N1CCC2(C(=O)Nc3c2cc(OC)c(OCC2CC2)c3)CC1"
"NCGC00436907-01","Activity- counterscreen","null",4.000,-12.124,"O=C(NCc1oc(C)cc1)CN1C(=O)N(c2ccccc2)C(COC)=N1"
"NCGC00416804-01","Activity- counterscreen","null",4.000,-14.206,"O=C(COC)N1CCC2(C(=O)Nc3c2cc(OC)c(OCC2CC2)c3)CC1"
"NCGC00401655-01","Activity- counterscreen","null",4.000,1.661,"O=C(NC[C@@]1N2C[C@](c3nc(C)nc(-c4occc4)c3)[C@](C1)CC2)C1CCC1"
"NCGC00416903-01","Activity- counterscreen","null",4.000,-0.790,"O(CC1CC1)c1c(OC)cc2C3(C(=O)Nc2c1)CCN(c1ncccn1)CC3"
"NCGC00391826-01","Activity- counterscreen","null",4.000,-3.461,"S=C(Nc1cc(OC)cc(OC)c1)N[C@@]1[C@]2OC[C@](n3c(Oc4cc(N5CCOCC5)ccc4)nnn3)[C@]2OC1"
"NCGC00436219-01","Activity- counterscreen","null",4.000,5.449,"O=C(N1Cc2ncnc(N3CCOCC3)c2CC1)c1c2nccnc2ccc1"
"NCGC00504893-01","Activity- counterscreen","null",4.000,-15.227,"Clc1c(CN2CCN(c3c(F)c(CN(C(=O)OC)C)ccc3)CC2)c(Cl)ccc1Cl"
"NCGC00480055-01","Activity- counterscreen","null",4.000,1.579,"Clc1cc(CC(=O)N2Cc3c(-c4ccccc4)nc(-c4ccc(Cl)cc4)nc3CC2)ccc1"
"NCGC00421000-01","Activity- counterscreen","0.023552",5.000,10.028,"S(=O)(=O)(N1[C@](C(=O)OC)Cc2ncn(C)c2C1)c1ccc(C#N)cc1"
"NCGC00480460-01","Activity- counterscreen","null",4.000,-3.940,"Clc1ncc(C(=O)N2Cc3c(-c4ccc(Cl)cc4)nc(-c4ccccc4)nc3CC2)cc1"
"NCGC00416639-01","Activity- counterscreen","null",4.000,0.760,"Fc1c(-c2nccc3C(=O)C=C(c4ncccc4)Oc23)cccc1"
"NCGC00391832-01","Activity- counterscreen","null",4.000,3.291,"O(c1n([C@@]2[C@]3OC[C@](NCc4occc4)[C@]3OC2)nnn1)c1ccc(-n2ncnc2)cc1"
"NCGC00392483-01","Activity- counterscreen","null",4.000,6.369,"O=C(NCc1occc1)[C@]1N[C@@](CC(C)C)c2c3c(n(CC#CC)cc3C1)ccc2"
"NCGC00395629-01","Activity- counterscreen","null",4.000,2.952,"O(C[C@@]1[C@@](O)[C@@](O)[C@](NCc2oc(C)cc2)C1)c1nc(C)ccc1"
"NCGC00397150-01","Activity- counterscreen","null",4.000,9.000,"Fc1cc(CN2CC3(C(=O)N(Cc4oc(C)cc4)C(=O)[C@]4N3C[C@](O)C4)C2)ccc1"
"NCGC00480030-01","Activity- counterscreen","null",4.000,1.761,"Clc1cc(C(=O)N2Cc3c(-c4ccccc4)nc(-c4ccc(Cl)cc4)nc3CC2)ccc1"
"NCGC00391799-01","Activity- counterscreen","null",4.000,-2.378,"S(Cc1occc1)c1n([C@@]2[C@]3OC[C@@](OC(=O)Nc4ccc(OC)cc4)[C@]3OC2)nnn1"
"NCGC00399335-01","Activity- counterscreen","null",4.000,6.319,"Brc1c(C(=O)N[C@]2[C@@](O)[C@](O)CC(C(=O)N[C@](C(=O)N)Cc3ccc(OC)cc3)=C2)cc(OC)cc1"
"NCGC00433531-01","Activity- counterscreen","null",4.000,0.085,"O=C(NCc1oc(C)cc1)c1cc2N(Cc3ccccc3)C(=O)c3n(ncc3)-c2cc1"
"NCGC00473531-01","Activity- counterscreen","null",4.000,-4.908,"O=C(N1Cc2c3c(n(C)c2CC1)cccc3)c1ccccc1"
"NCGC00429937-01","Activity- counterscreen","null",4.000,-0.323,"Oc1c2OCCNCc2cc(-c2c3c(sc2)cccc3)c1"
"NCGC00398371-01","Activity- counterscreen","null",4.000,6.354,"O=C(O[C@]1[C@]2OC[C@](Nc3nc(-c4ccc(OC)cc4)ccn3)[C@]2OC1)Nc1cc(OC)ccc1"
"NCGC00424599-01","Activity- counterscreen","null",4.000,-2.264,"S(CC[C@]1C(=O)Nc2c(C(=O)N1)cc(NC(=O)c1c3c(n(C)cc3)ccc1)cc2)C"
"NCGC00474396-01","Activity- counterscreen","null",4.000,2.292,"Fc1cc(-n2c(C)cc(C=3C(=O)N4C(CC(=O)NCc5occc5)=CSC4=NC=3C)n2)ccc1"
"NCGC00438079-01","Activity- counterscreen","null",4.000,-3.815,"O(CCn1nnc(-c2oc(CO)cc2)c1)c1c(C)non1"
"NCGC00474287-01","Activity- counterscreen","null",4.000,3.397,"Fc1c(C2C(C(=O)OCC)=C(C)N=C3SC=C(CC(=O)NCc4occc4)N23)cccc1"
"NCGC00473808-01","Activity- counterscreen","null",4.000,1.825,"Clc1c(NC(=O)N2Cc3c4c(n(C)c3CC2)ccc(F)c4)ccc(Cl)c1"
"NCGC00397174-01","Activity- counterscreen","null",4.000,1.901,"O=C(Nc1ccc(CN2CC3(C(=O)N(Cc4oc(C)cc4)C(=O)[C@]4N3C[C@](O)C4)C2)cc1)C"
"NCGC00454384-01","Activity- counterscreen","null",4.000,-11.571,"O(C)c1ccc(C2OCc3c(-c4nc(-c5occc5)on4)nnn3C2)cc1"
"NCGC00456898-01","Activity- counterscreen","null",4.000,0.066,"Fc1ccc(-c2nn3c(C(=O)N(CCNC(=O)c4occc4)C=C3)c2)cc1"
"NCGC00431303-01","Activity- counterscreen","null",4.000,1.907,"O=C(N[C@]1CN(C)[C@](C(=O)OC)C1)c1[nH]nc(-c2oc(C)cc2)c1"
"NCGC00398041-01","Activity- counterscreen","null",4.000,-2.000,"O=C(Nc1cc(C#N)ccc1)NC=1C(=O)N2C(=CC=1)[C@]1CN(C(=O)Nc3ccc(OC)cc3)C[C@@](C2)C1"
"NCGC00426984-01","Activity- counterscreen","null",4.000,6.070,"O=C(NCc1occc1)c1ccc(-c2cnc(N3CCCCCC3)cc2)cc1"
"NCGC00475381-01","Activity- counterscreen","null",4.000,-0.216,"N(Cc1oc(C)cc1)C1=Nn2c(C3CCC3)nnc2C=C1"
"NCGC00494659-01","Activity- counterscreen","null",4.000,-0.107,"O=C(O)C[C@@]1[C@@](C(=O)O)N(C)C(=O)c2ncccc12"
"NCGC00432929-01","Activity- counterscreen","null",4.000,-3.599,"Clc1cc(-c2ncc(NC(=O)c3cc(F)cc(F)c3)cn2)ccc1"
"NCGC00445750-01","Activity- counterscreen","null",4.000,3.425,"S(Cc1oc(-c2onc(C3COCC3)n2)cc1)c1nc(C)cc(C)n1"
"NCGC00397163-01","Activity- counterscreen","null",4.000,1.198,"FC(F)(F)c1ccc(CN2CC3(C(=O)N(Cc4oc(C)cc4)C(=O)[C@]4N3C[C@](O)C4)C2)cc1"
"NCGC00439488-01","Activity- counterscreen","null",4.000,-14.309,"O=C(CCc1nc2n(c1)C=CC=C2)N1CCC2([C@@](OC)C[C@]2O)CC1"
"NCGC00425481-01","Activity- counterscreen","null",4.000,-12.982,"Brc1c(C(=O)Nc2cc3ncnc(N4CCCC4)c3cc2)cccc1"
"NCGC00474341-01","Activity- counterscreen","null",4.000,2.215,"Fc1c(C(CC(=O)NCc2occc2)c2c3c([nH]c2)ccc([N+](=O)[O-])c3)cc(C)cc1"
"NCGC00473379-01","Activity- counterscreen","null",4.000,-3.052,"O=[N+]([O-])c1cc2c(C(CC(=O)N3CCOCC3)c3ccccc3)cn(Cc3ccccc3)c2cc1"
"NCGC00424593-01","Activity- counterscreen","null",4.000,2.051,"S(CC[C@]1C(=O)Nc2c(C(=O)N1)cc(NC(=O)Cn1c3c(cc1)cccc3)cc2)C"
"NCGC00420592-01","Activity- counterscreen","null",4.000,2.473,"O=C(O)COc1ccc(-c2nccc3OC(COc4cc(C#N)ccc4)CN(CCN4CCOCC4)C(=O)c23)cc1"
"NCGC00474458-01","Activity- counterscreen","null",4.000,0.134,"Clc1c(C2C(C(=O)OC)=C(CC)N=C3SC=C(CC(=O)NCc4occc4)N23)cccc1"
"NCGC00422007-01","Activity- counterscreen","null",4.000,-0.499,"Fc1c(F)cccc1C1c2sc(N)nc2NC(=O)C1"
"NCGC00473327-01","Activity- counterscreen","null",4.000,0.234,"Clc1c(C(=O)N2CCC(c3c4c(c(C)ccc4)[nH]c3)CC2)c(Cl)cc(Cl)c1"
"NCGC00473340-01","Activity- counterscreen","null",4.000,3.126,"Brc1ccc(CN2C(C)=C(C(=O)OCC=C)C(c3c(Cl)cccc3)CC2=O)cc1"
"NCGC00424022-01","Activity- counterscreen","null",4.000,1.705,"O=C(NC1c2[nH]c3c(c2CCC1)cccc3)c1occc1"
"NCGC00432185-01","Activity- counterscreen","null",4.000,3.582,"O=C(Nc1cc(OC)c(OC)c(OC)c1)CN1C(Nc2cc(C)cc(C)c2)=NC(C)=CC1=O"
"NCGC00445355-01","Activity- counterscreen","null",4.000,1.094,"Fc1ccc(-c2nc(-c3n(CC(=O)NC4CCCC4)ccc3)on2)cc1"
"NCGC00473533-01","Activity- counterscreen","null",4.000,2.062,"O=C(C)N1Cc2c3c(n(C)c2CC1)cccc3"
"NCGC00473915-01","Activity- counterscreen","null",4.000,4.498,"O=C(NCc1occc1)CC=1N2C(=O)C(c3nn(c(C)c3)-c3c(C)ccc(C)c3)=C(C)N=C2SC=1"
"NCGC00399918-01","Activity- counterscreen","null",4.000,10.513,"O=C(NCCN[C@]1C[C@@](c2ccc(-c3ccccc3)cc2)N2[C@](C(=O)OC)Cc3c4c([nH]c3[C@]2C1)cccc4)C"
"NCGC00437141-01","Activity- counterscreen","null",4.000,2.204,"OC[C@@]1[C@](O)CN(Cc2oc(-c3n[nH]cc3)cc2)CC1"
"NCGC00429550-01","Activity- counterscreen","null",4.000,-3.522,"O=C(NCC=C)[C@]1[C@](CO)[C@@](O)c2c([C@]1c1cc(OC)c(OC)c(OC)c1)cc1OCOc1c2"
"NCGC00426514-01","Activity- counterscreen","null",4.000,-2.489,"Brc1ccc(NC(=O)c2c(-c3ccncc3)nc(-c3ccc(F)cc3)nc2)cc1"
"NCGC00494285-01","Activity- counterscreen","null",4.000,3.052,"O=[N+]([O-])c1cc(C(=O)N2[C@](C(=O)NC)C[C@@]3c4c2cccc4C(=O)N(CC=C)C3)ccc1"
"NCGC00412497-01","Activity- counterscreen","null",4.000,-3.711,"Fc1cc(Nc2n3N=C(c4cc(OC)c(OC)cc4)C=Cc3nc2)cc(N2CCOCC2)c1"
"NCGC00473479-01","Activity- counterscreen","null",4.000,-1.250,"O=C(NCCc1sccc1)CC=1N2C(c3cc(OC)ccc3)C(C(=O)OC)=C(C)N=C2SC=1"
"NCGC00450196-01","Activity- counterscreen","null",4.000,-2.282,"Brc1ccc(C2OCc3n(nc(C(=O)Nc4cc(OC)c(OC)c(OC)c4)c3)C2)cc1"
"NCGC00396166-01","Activity- counterscreen","null",4.000,-0.669,"O=C(Nc1cc(OC)cc(OC)c1)N[C@@]1[C@]2OC[C@](Nc3nc(-c4ccc(N(C)C)cc4)ccn3)[C@]2OC1"
"NCGC00429558-01","Activity- counterscreen","null",4.000,3.138,"O=C(NC1CC1)[C@]1[C@](CO)[C@@](O)c2c([C@]1c1cc(OC)c(OC)c(OC)c1)cc1OCOc1c2"
"NCGC00378175-01","Activity- counterscreen","null",4.000,-0.861,"O=C(CCN)N1CCC2(OCCN(C(=O)c3ccc(OC)cc3)C2)CC1"
"NCGC00436653-01","Activity- counterscreen","null",4.000,3.209,"O=C(O)C1(n2c(C)ncc2)CCN(Cc2oc(-c3n[nH]cc3)cc2)CC1"
"NCGC00391556-01","Activity- counterscreen","null",4.000,-2.303,"O=C(NCc1occc1)[C@]1N[C@@](CC(C)C)c2c3c(n(Cc4noc(C)c4)cc3C1)ccc2"
"NCGC00451731-01","Activity- counterscreen","null",4.000,1.364,"O=C(NCc1oc(C)cc1)CC1CN(C2=CC(=O)N(CCOC)N=C2)CCC1"
"NCGC00473910-01","Activity- counterscreen","null",4.000,-8.940,"O=C(NCc1occc1)CC=1N2C(=O)C(c3nn(c(C)c3)-c3ccc(C)cc3)=C(C)N=C2SC=1"
"NCGC00434040-01","Activity- counterscreen","null",4.000,-2.780,"O=C(NCc1occc1)CCNc1c(-c2c(C)cccc2)nc2n1C=CN=C2"
"NCGC00397986-01","Activity- counterscreen","null",4.000,0.589,"Fc1ccc(C(=O)NC=2C(=O)N3C(=CC=2)[C@]2CN(C(=O)Nc4cc(OC)cc(OC)c4)C[C@@](C3)C2)cc1"
"NCGC00425477-01","Activity- counterscreen","null",4.000,-6.774,"Brc1ccc(C(=O)Nc2cc3ncnc(N4CCCC4)c3cc2)cc1"
"NCGC00473448-01","Activity- counterscreen","null",4.000,-0.703,"Clc1c(C(=O)N2CCC(c3c4c(n(C)c3)cccc4)CC2)c(Cl)cc(Cl)c1"
"NCGC00472757-01","Activity- counterscreen","null",4.000,0.365,"O=C(N[C@]1[C@@](C(=O)NCc2c(OC)ccc(OC)c2)CCC1)c1cnc(OC)cc1"
"NCGC00494783-01","Activity- counterscreen","null",4.000,8.657,"O=C(N1Cc2n(nc(-c3ccc(OC)cc3)c2)CCC1)c1noc(CN2CCOCC2)c1"
"NCGC00494653-01","Activity- counterscreen","null",4.000,1.911,"O=C(OCc1ccccc1)[C@]1N(C)C(=O)c2ncccc2[C@@]1CC#N"
"NCGC00472760-01","Activity- counterscreen","null",4.000,-1.353,"O=C(N[C@]1[C@@](C(=O)NCc2cc(OC)cc(OC)c2)CCC1)c1cnc(OC)cc1"
"NCGC00424603-01","Activity- counterscreen","null",4.000,-8.412,"S(CC[C@]1C(=O)Nc2c(C(=O)N1)cc(NC(=O)c1cc3n(C)ccc3cc1)cc2)C"
"NCGC00473522-01","Activity- counterscreen","null",4.000,-4.466,"Brc1ccc(CN2C(C)=C(C(=O)OC)C(c3c(Cl)cccc3)CC2=O)cc1"
"NCGC00474100-01","Activity- counterscreen","null",4.000,-6.494,"Fc1cc(C2C(C(=O)OC)=C(CC)N=C3SC=C(CC(=O)NCc4occc4)N23)ccc1"
"NCGC00473476-01","Activity- counterscreen","null",4.000,-4.649,"Clc1ccc(N2C(=O)CSC32CCN(C(=O)c2cc([N+](=O)[O-])c(C)cc2)CC3)cc1"
"NCGC00426316-01","Activity- counterscreen","2.888748",-1.200,-43.137,"Brc1cc(C(=O)Nc2cc3c(N4CCCCC4)ncnc3cc2)cnc1"
"NCGC00472672-01","Activity- counterscreen","null",4.000,-3.849,"O=C(N[C@]1[C@@](C(=O)NCc2oc(C)cc2)CCC1)c1ccc(OC)cc1"
"NCGC00473529-01","Activity- counterscreen","null",4.000,8.504,"O=[N+]([O-])c1ccc(N2CCN(C(=O)CC(c3c4c(n(C)c3)cccc4)c3ccc(C)cc3)CC2)cc1"
"NCGC00375980-01","Activity- counterscreen","null",4.000,-3.206,"Brc1ccc(S(=O)(=O)c2nnn-3c2N=C(NCc2ccc(F)cc2)c2c-3cccc2)cc1"
"NCGC00475003-01","Activity- counterscreen","null",4.000,0.903,"Clc1c(C2C(C(=O)OCC=C)=C(C)N(Cc3cc(F)c(F)cc3)C(=O)C2)cccc1"
"NCGC00432702-01","Activity- counterscreen","null",4.000,-1.633,"O=C(O)Cc1n[nH]c(C2CCN(C(=O)c3[nH]nc(-c4oc(C)cc4)c3)CC2)c1"
"NCGC00426956-01","Activity- counterscreen","null",4.000,5.005,"O=C(NCc1oc(C)cc1)c1ccc(-c2cnc(N3CCCCC3)cc2)cc1"
"NCGC00427592-01","Activity- counterscreen","null",4.000,-13.447,"O=C(Nc1cc(OC)cc(OC)c1)Nc1cc(-c2nnc(N3CCOCC3)cc2)ccc1"
"NCGC00472843-01","Activity- counterscreen","null",4.000,-9.176,"O=C(N[C@]1[C@@](C(=O)NCc2oc(C)cc2)CCC1)c1ccncc1"
"NCGC00494319-01","Activity- counterscreen","null",4.000,4.064,"O=C(N1[C@](C(=O)O)C[C@@]2c3c1cccc3C(=O)N(CC=C)C2)c1ccc(C)cc1"
"NCGC00424030-01","Activity- counterscreen","null",4.000,2.666,"Brc1oc(C(=O)NC2c3[nH]c4c(c3CCC2)cc(F)cc4)cc1"
"NCGC00449715-01","Activity- counterscreen","null",4.000,-0.746,"O(CC)c1ccc(C2OCc3c(-c4onc(-c5cscc5)n4)nnn3C2)cc1"
"NCGC00469372-01","Activity- counterscreen","null",4.000,0.789,"Clc1ccc(N2CCN(C(=O)CCc3cc(N(CC)CC)ncc3)CC2)cc1"
"NCGC00458794-01","Activity- counterscreen","null",4.000,0.705,"Fc1ccc(-c2nc3c(cn2)[C@@]2N(C(=O)c4occc4)[C@](C3)CC2)cc1"
"NCGC00473473-01","Activity- counterscreen","null",4.000,0.815,"Clc1c(Cl)c(C(=O)N2CCC(c3c4c(n(C)c3)cccc4)CC2)sc1Cl"
"NCGC00398028-01","Activity- counterscreen","null",4.000,0.184,"S(=O)(=O)(NC=1C(=O)N2C(=CC=1)[C@]1CN(C(=O)Nc3ccc(OC)cc3)C[C@@](C2)C1)c1ccc(OC)cc1"
"NCGC00480455-01","Activity- counterscreen","null",4.000,3.303,"Clc1c(C(=O)N2Cc3c(-c4ccc(Cl)cc4)nc(-c4ccccc4)nc3CC2)cccc1"
"NCGC00429621-01","Activity- counterscreen","null",4.000,2.176,"O[C@]1[C@](c2c(C)ccs2)CCN(Cc2oc(-c3n[nH]cc3)cc2)C1"
"NCGC00436189-01","Activity- counterscreen","null",4.000,-0.225,"O=C(N1CC2(C(=O)NC(=O)C2)CC1)c1[nH]nc(-c2oc(C)cc2)c1"
"NCGC00494294-01","Activity- counterscreen","null",4.000,-14.634,"O=C(N1[C@](C(=O)NC)C[C@@]2c3c1cccc3C(=O)N(CC=C)C2)c1sc(-c2sccc2)cc1"
"NCGC00378154-01","Activity- counterscreen","null",4.000,-4.891,"Clc1ccc(CC(=O)N2CC3(OCC2)CCN(C(=O)CCN)CC3)cc1"
"NCGC00378160-01","Activity- counterscreen","null",4.000,3.252,"Clc1ccc(C(=O)N2CC3(OCC2)CCN(C(=O)CN)CC3)cc1"
"NCGC00396475-01","Activity- counterscreen","null",4.000,0.930,"FC(F)(F)Oc1ccc(NC(=O)N[C@]2[C@@](O)[C@](O)CC(C(=O)N[C@](C(=O)N)Cc3ccc(O)cc3)=C2)cc1"
"NCGC00439732-01","Activity- counterscreen","null",4.000,1.246,"O=C(Cc1c(C)[nH]c2c(C)ccc(C)c12)N1CC(O)c2c(cccc2)C1"
"NCGC00397149-01","Activity- counterscreen","null",4.000,1.116,"O(C)c1c2c(c(CN3CC4(C(=O)N(Cc5oc(C)cc5)C(=O)[C@]5N4C[C@](O)C5)C3)cc1)cccc2"
"NCGC00496498-01","Activity- counterscreen","null",4.000,1.853,"O=C(NCc1oc(C)cc1)C1n2c(-c3ccccc3)nnc2CCCC1"
"NCGC00399924-01","Activity- counterscreen","null",4.000,4.528,"FC(F)(F)c1ccc([C@]2N3[C@](C(=O)OC)Cc4c5c([nH]c4[C@]3C[C@@](NCCOC)C2)cccc5)cc1"
"NCGC00473948-01","Activity- counterscreen","null",4.000,2.511,"Fc1c(-n2c(C)cc(C=3C(=O)N4C(CC(=O)NCc5occc5)=CSC4=NC=3C)n2)cccc1"
"NCGC00434007-01","Activity- counterscreen","null",4.000,-2.559,"O=C(NCc1occc1)CCNc1c(-c2ccc(C)cc2)nc2n1C=CN=C2"
"NCGC00494320-01","Activity- counterscreen","null",4.000,-9.070,"Fc1ccc(C(=O)N2[C@](C(=O)O)C[C@@]3c4c2cccc4C(=O)N(CC=C)C3)cc1"
"NCGC00473644-01","Activity- counterscreen","null",4.000,-0.152,"Clc1c(NC(=O)N2Cc3c4c(n(C)c3CC2)cccc4)ccc(Cl)c1"
"NCGC00426268-01","Activity- counterscreen","12.903564",-2.100,-80.232,"Brc1c(C(=O)Nc2cc3c(N4CCCCC4)ncnc3cc2)cccc1"
"NCGC00438533-01","Activity- counterscreen","null",4.000,0.322,"O=C(N[C@]1[C@](O)CN(Cc2oc(-c3n[nH]cc3)cc2)CC1)c1nccnc1"
"NCGC00397932-01","Activity- counterscreen","null",4.000,-0.773,"S=C(O[C@]1[C@]2OC[C@](n3c(SCc4occc4)nnn3)[C@]2OC1)Nc1cc(C#N)ccc1"
"NCGC00398174-01","Activity- counterscreen","null",4.000,0.469,"O=C(O[C@]1[C@](O)[C@](NC(=O)c2ccc(OC)cc2)C=C(C(=O)N[C@](C(=O)N)Cc2ccc(OC)cc2)C1)NCC=C"
"NCGC00469341-01","Activity- counterscreen","null",4.000,-0.648,"Clc1cc(N2CCN(C(=O)CCc3cc(N4CCCC4)ncc3)CC2)ccc1"
"NCGC00474314-01","Activity- counterscreen","null",4.000,9.450,"Fc1c(-n2c(C)cc(C=3C(=O)N4C(CC(=O)NCc5occc5)=CSC4=NC=3C)n2)cc(F)cc1"
"NCGC00472444-01","Activity- counterscreen","null",4.000,0.975,"O=C(NCc1oc(C)cc1)C1N(C(C)C)C(=O)C21CCCC2"
"NCGC00434933-01","Activity- counterscreen","null",4.000,-4.970,"O=C(O)C1NCCc2[nH]c(-c3c(CN)cccc3)nc12"
"NCGC00475118-01","Activity- counterscreen","null",4.000,-8.029,"Clc1ccc(C(CC(=O)N2CCOCC2)c2c3c([nH]c2)ccc([N+](=O)[O-])c3)cc1"
"NCGC00475063-01","Activity- counterscreen","null",4.000,-0.643,"Fc1cc(C2C(C(=O)OC)=C(C)N=C3SC=C(CC(=O)NCc4occc4)N23)ccc1"
"NCGC00399590-01","Activity- counterscreen","null",4.000,4.676,"O=C(Nc1cc(OC)cc(OC)c1)N[C@@]1[C@]2OC[C@](Nc3nc(-c4sccc4)ccn3)[C@]2OC1"
"NCGC00494317-01","Activity- counterscreen","null",4.000,0.403,"O=C(C)N1[C@](C(=O)O)C[C@@]2c3c1cccc3C(=O)N(CC=C)C2"
"NCGC00440196-01","Activity- counterscreen","null",4.000,2.894,"Fc1cc(-n2nc(c(CN(CCO)C)c2)-c2oc(C)cc2)ccc1"
